coordinates,color_r,color_g,color_b,color_a
"[(220.8585229312, 163.4914438144001), (206.68513085440003, 171.97400422400005), (193.4070746408188, 159.28072097412405), (202.0987164207234, 145.90269969570647)]",0.0,0.0,0.0,0.0
"[(200.96969233467462, 144.27570863423148), (191.57443139200097, 158.79232432395236), (177.20789042986246, 151.6864398515121), (182.82345550907507, 134.50465803583165)]",0.0,0.0,0.0,0.0
"[(160.27487720507565, 128.16958127423186), (157.8036087917693, 146.8269619631833), (141.80651783227614, 146.3158180998314), (139.44428581947625, 127.84745872703184)]",0.0,0.0,0.0,0.0
"[(137.29680217147626, 128.8138263686319), (139.62555893945864, 146.93584319024308), (124.79694118834942, 149.66661901766292), (116.68095915067681, 133.96778712383173)]",0.0,0.0,0.0,0.0
"[(116.16718885081343, 136.821609669875), (122.22471460716957, 151.38057400743787), (109.10949167879193, 159.40194923352283), (98.62247597399062, 147.29828447201965)]",0.0,0.0,0.0,0.0
"[(97.39320352452017, 147.48821172380678), (107.2493714896051, 161.10993545199563), (99.70390402499294, 172.92097959254795), (83.55650385738693, 162.84150200833233)]",0.0,0.0,0.0,0.0
"[(240.61537249280002, 155.54575431680018), (223.20679746217127, 163.65950431742488), (211.64561360896028, 150.60725495808015), (224.74526386176024, 136.54123706368011)]",0.0,0.0,0.0,0.0
"[(223.02727694336022, 135.25274687488013), (210.67924596736026, 149.31876476928005), (198.43858917376025, 139.86983671808014), (207.88751722496028, 123.65633517568017)]",0.0,0.0,0.0,0.0
"[(206.0688691144677, 122.8559758444585), (197.63145648499727, 137.74471377722512), (182.16236729407956, 131.47290136899585), (187.08702690095583, 115.16355376387355)]",0.0,0.0,0.0,0.0
"[(185.15859669915397, 115.71503335365867), (180.46122349627512, 130.63918746943182), (163.5270860053842, 126.89648205153992), (166.7284234584833, 112.17237287445437)]",0.0,0.0,0.0,0.0
"[(165.10671541307556, 111.0970862726324), (161.56336739387564, 126.02209762623193), (145.13511748667605, 124.84098161983206), (144.49087239227612, 109.27172517183237)]",0.0,0.0,0.0,0.0
"[(142.7559229955188, 109.7989449349468), (143.2836628373729, 125.62807996921265), (127.76155114045145, 128.8568589949407), (123.66028100667666, 112.27820227903226)]",0.0,0.0,0.0,0.0
"[(122.23592155931004, 112.94450260243661), (126.00848242858018, 128.76166029110163), (109.63951629637239, 134.0590549377547), (102.91350491451863, 121.1077278903565)]",0.0,0.0,0.0,0.0
"[(100.60819116467337, 121.88693257793489), (109.26377759471427, 135.5518751892905), (95.05546950232275, 144.41681980480496), (85.13337216383013, 131.49937150367896)]",0.0,0.0,0.0,0.0
"[(83.64743722435327, 131.9751773115887), (94.90025153987307, 147.09346219350846), (84.76412872131323, 158.00267912534832), (70.24713926083348, 146.74986480982852)]",0.0,0.0,0.0,0.0
"[(205.19363635199994, 172.83803084800024), (188.95329126399992, 182.7701427200002), (186.5076584919089, 180.39880755800198), (198.52527201640106, 167.69661556711117)]",0.0,0.0,0.0,0.0
"[(197.96321522747468, 166.07266766143084), (184.86356497467506, 179.38706627903048), (171.75661765859087, 171.26377477266624), (179.70960421947518, 154.58363014463112)]",0.0,0.0,0.0,0.0
"[(177.45474638907524, 153.61726250303127), (170.06301141694945, 171.09887014163291), (155.73215737869737, 167.6223516922173), (158.12739355707572, 148.67805011263135)]",0.0,0.0,0.0,0.0
"[(155.5504131794758, 148.46330174783134), (153.995660313776, 167.24504239777843), (139.03557687645997, 168.96811103050914), (134.61244761147634, 149.75179193663132)]",0.0,0.0,0.0,0.0
"[(132.1401949299124, 150.9368237231222), (137.83367308347624, 170.0455124102308), (122.96918479551732, 174.86298862456647), (112.54647948728052, 160.42761488079623)]",0.0,0.0,0.0,0.0
"[(110.62355520890617, 162.0036978090476), (121.28315812173622, 175.3321691196644), (114.23858124800012, 184.04772771839998), (101.2463051776001, 173.3103094784001)]",0.0,0.0,0.0,0.0
"[(262.91086004983515, 148.94777398090946), (242.75075001339053, 155.90480728039597), (232.58357917696026, 143.19843637248005), (248.15283562496018, 131.06515376128004)]",0.0,0.0,0.0,0.0
"[(245.98408161279997, 128.91695708160012), (232.47620499456025, 140.8362043596801), (219.32220565876594, 129.95306905649977), (230.2213471641602, 115.92539404288004)]",0.0,0.0,0.0,0.0
"[(227.9690882223549, 115.61008239397415), (218.5921285010852, 127.27242698878524), (204.30846000764666, 120.03758239276272), (212.57197442514712, 105.01363110970135)]",0.0,0.0,0.0,0.0
"[(210.37460842496023, 103.70075424768015), (203.17905629948882, 118.55432679548505), (187.2672951834835, 113.22050449611538), (191.90093390807692, 95.64797452046423)]",0.0,0.0,0.0,0.0
"[(189.9918688396719, 97.25635997220934), (185.24449604507396, 114.16884512709862), (169.095419012114, 110.38927390661866), (171.21754502607286, 91.17555493019768)]",0.0,0.0,0.0,0.0
"[(169.7630312712347, 90.89567082084409), (167.20563340187402, 109.95977717701862), (149.6821668341941, 108.15589091269862), (149.6821668341941, 90.03112892357876)]",0.0,0.0,0.0,0.0
"[(147.633703857088, 89.71273864376474), (147.48272108214007, 107.62050234329695), (131.31213746640816, 108.1722195870376), (129.55447087001193, 90.09770977315713)]",0.0,0.0,0.0,0.0
"[(126.45842484880075, 91.71153789095024), (129.73036602267427, 109.0168976378186), (114.35438310299435, 113.14006624197862), (108.25552954267437, 96.81919051717864)]",0.0,0.0,0.0,0.0
"[(106.72463352563716, 98.07286378618574), (112.33466108480275, 113.00378769705753), (97.5901560236216, 120.70191484787938), (88.80694458668182, 106.80151287435308)]",0.0,0.0,0.0,0.0
"[(86.55596864861974, 107.55883424763613), (95.7209862564024, 121.08674391760087), (82.30694439753523, 131.09229973036258), (71.31834908907501, 117.85912089931628)]",0.0,0.0,0.0,0.0
"[(69.35775275040811, 117.91390812501118), (80.87757928142645, 133.29132298591458), (70.37724323616567, 144.50634158922958), (55.35697305136296, 132.82413434058253)]",0.0,0.0,0.0,0.0
"[(54.60880108416637, 133.90959039529685), (68.1921386598857, 145.30731986381147), (63.07991258563362, 155.90351385942813), (44.525653866913956, 148.08667338070836)]",0.0,0.0,0.0,0.0
"[(187.74533171199994, 184.3807554560002), (173.78668799999997, 195.5208268800002), (166.62418551790478, 191.12417540303613), (175.42921212987528, 174.97214188863063)]",0.0,0.0,0.0,0.0
"[(173.81859939387533, 174.2205226118307), (165.87867552503445, 189.1951681376961), (152.2640761481399, 181.7671135725891), (151.49098203485988, 168.88221168458915)]",0.0,0.0,0.0,0.0
"[(149.68765612374239, 169.47214342956613), (149.77299511645992, 182.11071095626903), (135.23891421419302, 189.96594232862526), (127.41837739067654, 175.0920989830306)]",0.0,0.0,0.0,0.0
"[(282.5094806937601, 132.9136097484801), (263.18212786176014, 145.04689235968), (253.81767269370482, 133.72236273300337), (269.4129237401602, 120.43510970368015)]",0.0,0.0,0.0,0.0
"[(268.0170593689602, 119.36136787968007), (252.50305652464453, 131.3044931545587), (240.94628206211462, 120.71651609304126), (253.62891892736025, 106.79858853888004)]",0.0,0.0,0.0,0.0
"[(252.23305455616025, 105.51009835008017), (238.91865593856028, 120.11298715648013), (224.63788967936023, 109.69769146368003), (235.16055955456022, 94.0210608332801)]",0.0,0.0,0.0,0.0
"[(233.31779810234514, 93.36809252730052), (223.29741305255686, 107.96582607102528), (208.22749100236535, 100.12258255399502), (216.85504668160024, 85.18348663039978)]",0.0,0.0,0.0,0.0
"[(214.77694990336022, 84.05127886848015), (207.0756978679517, 98.53723640541682), (192.65786832896026, 93.71495528448008), (196.2012163481603, 77.50145374208023)]",0.0,0.0,0.0,0.0
"[(194.5906036121603, 77.28670537728021), (190.2956363161603, 93.9297036492801), (172.9010187673603, 89.52736217088022), (174.9411282329603, 73.42123481088015)]",0.0,0.0,0.0,0.0
"[(152.81861032285963, 72.51903898606815), (152.5437324159156, 87.9122017749321), (136.7657405573301, 88.242055263265), (134.01696148789011, 73.56357503245545)]",0.0,0.0,0.0,0.0
"[(132.44328547063577, 73.70101398592737), (133.92762616813332, 87.8847139842378), (118.58943896065819, 91.40315119312095), (114.1913924495542, 75.13037910203616)]",0.0,0.0,0.0,0.0
"[(112.38850360221505, 75.14385146237203), (116.90758345463593, 92.07665575222495), (100.37195936503599, 97.4453648722249), (93.7069390584818, 82.22436547402367)]",0.0,0.0,0.0,0.0
"[(92.16790463939316, 82.32816588118988), (99.51897214916403, 99.3091122432329), (83.30117563946811, 106.38721834704097), (73.43655236812856, 90.70544621977615)]",0.0,0.0,0.0,0.0
"[(71.85600440320053, 92.07983575449623), (82.47654191863609, 107.69288840502486), (69.69471924574015, 115.80178665987285), (56.256683184128576, 101.21952616038425)]",0.0,0.0,0.0,0.0
"[(54.74485469593657, 102.04415988121616), (67.6892379539641, 116.79177662160089), (54.70281141411169, 129.475097259859), (39.35169190707262, 114.4136656936962)]",0.0,0.0,0.0,0.0
"[(38.006024966144594, 115.25870050918411), (53.87662313002818, 131.29158621289685), (43.51468997714966, 143.8756834121025), (23.437495898112616, 127.76564527513608)]",0.0,0.0,0.0,0.0
"[(173.13761720669982, 197.14309649226902), (162.40019896669986, 207.70871604042895), (153.5525663369399, 201.0085670586691), (162.05660158301987, 189.75575274314906)]",0.0,0.0,0.0,0.0
"[(80.69867374019327, 162.7204322645482), (82.79958409330726, 159.32933678088216), (69.3855422344401, 148.20227910778908), (64.69992056259355, 156.3853555029482)]",0.0,0.0,0.0,0.0
"[(134.36445129053988, 192.21336355658912), (125.56590868993828, 175.32912237960363), (115.5619238537401, 185.32440765258912), (128.5930889865399, 197.85050813258908)]",0.0,0.0,0.0,0.0
"[(151.31918334301992, 201.09446640458896), (160.85401074013987, 188.72496059210903), (151.31918334301992, 182.9697044154691), (139.98046968157996, 189.498054705389)]",0.0,0.0,0.0,0.0
"[(149.51529707869992, 201.95345986378902), (137.91888537949995, 190.35704816458906), (129.93024620894, 199.54827817802902), (138.34838210909993, 209.08310557514892)]",0.0,0.0,0.0,0.0
"[(144.16269408605984, 224.47519462218906), (156.0983031693375, 223.6779892266469), (158.1642874710198, 217.087850873069), (162.88875149661976, 210.30180254538914), (151.89363521885986, 202.22726402890908), (140.0395254818999, 210.04410450762907), (143.81909670237985, 215.62756199242904)]",0.0,0.0,0.0,0.0
"[(241.7658569984003, 96.0282790527998), (225.3376070912003, 87.22359609599971), (234.70369164887984, 77.97629531896189), (247.17996605132817, 89.82509191833594)]",0.0,0.0,0.0,0.0
"[(247.83967302799374, 88.39572680222716), (234.92041140162576, 75.9712454083583), (253.50215791104017, 62.612179130879895), (261.6509993617411, 81.3567049008127)]",0.0,0.0,0.0,0.0
"[(262.80548657090594, 80.64202234275831), (255.10890517647397, 61.62047118223359), (279.11019393536014, 55.3705301908891), (281.1717782374401, 75.50533687453708)]",0.0,0.0,0.0,0.0
"[(283.5769599232001, 74.74942263044102), (280.41586399334415, 55.64540809783307), (301.51274335129597, 53.44638484228108), (300.68810963046406, 73.10015518877708)]",0.0,0.0,0.0,0.0
"[(269.01782609612815, 101.202126206505), (259.29194747636086, 84.3214742904513), (278.39262017664146, 77.91474457262916), (281.0994165843972, 95.1314703254526)]",0.0,0.0,0.0,0.0
"[(282.55970546503715, 94.78787294177255), (280.012942373888, 77.21902882564109), (301.806625780735, 74.93786209232917), (300.625509774335, 91.47348618192905)]",0.0,0.0,0.0,0.0
"[(224.15649108480034, 86.25722845439986), (206.4397509888003, 79.3852807807998), (213.06238923264038, 68.0330824319999), (228.4332927977474, 80.14938959390713)]",0.0,0.0,0.0,0.0
"[(229.1479753558018, 78.44514657085438), (214.7803761510403, 66.95934060799982), (230.8886497376734, 53.145526078494186), (240.36299395911703, 69.37417564170232)]",0.0,0.0,0.0,0.0
"[(241.51748116828173, 68.21968843253762), (232.35415377577067, 51.24850607617009), (249.99019721664115, 43.263580414134594), (255.5487098275844, 59.36647234529278)]",0.0,0.0,0.0,0.0
"[(257.0477989236567, 59.06473987650122), (252.46753288979164, 43.66126661824035), (270.3371412211716, 37.37623978977285), (274.1313741414116, 54.74003078028636)]",0.0,0.0,0.0,0.0
"[(275.5531772247007, 54.39070406518613), (273.5874897112201, 37.888347167503525), (291.6900660200504, 35.06441764622332), (292.3045254575924, 52.403737371593024)]",0.0,0.0,0.0,0.0
"[(277.2179380111352, 124.00786344912888), (258.67968729927725, 108.61766763489254), (280.549263963135, 97.22891013072899), (283.01887015833495, 116.23414041552894)]",0.0,0.0,0.0,0.0
"[(284.30736034713493, 114.62352767952893), (282.7315041568771, 96.59175920609255), (300.09136515993487, 93.14869119952914), (299.66186843033483, 107.53683164112897)]",0.0,0.0,0.0,0.0
"[(204.6143898880003, 78.84840986879976), (185.9312821504003, 73.05020401919978), (194.42834632066382, 59.877879506393356), (209.6894363048272, 70.44216638309206)]",0.0,0.0,0.0,0.0
"[(210.7347182848003, 68.54048835839978), (196.02445529600027, 58.98418612479986), (210.16328630784034, 42.90752375039983), (221.43757545984033, 57.939909286399825)]",0.0,0.0,0.0,0.0
"[(223.15556237824035, 56.436670732799826), (211.51642965708015, 42.23080624353338), (227.1284071270403, 30.88161532159984), (235.4059758524204, 47.128001482368745)]",0.0,0.0,0.0,0.0
"[(237.22158027264027, 46.45087176959987), (229.02752702408736, 31.392027193697686), (247.8399056460903, 24.803601187754566), (252.8982109030403, 40.86741428479991)]",0.0,0.0,0.0,0.0
"[(254.72357200384033, 41.08216264959992), (249.1231857200039, 22.163811559325495), (266.40827907782125, 18.71107839467345), (269.97029214511815, 35.61662632155935)]",0.0,0.0,0.0,0.0
"[(272.01081537024027, 36.035576076799885), (268.55005010752313, 17.294919276608198), (288.2465444014765, 15.284478927566965), (290.4791747430403, 33.458595699199805)]",0.0,0.0,0.0,0.0
"[(191.25941756393763, 62.07241052365168), (171.75789007360032, 49.1057613439998), (186.58760684032023, 35.281272445439754), (201.25246622608256, 48.55297102737961)]",0.0,0.0,0.0,0.0
"[(203.46997148603452, 47.04660261293361), (188.39149310464023, 33.649184872959836), (204.88416752128023, 22.482269903359793), (215.56150657674266, 35.649576913495935)]",0.0,0.0,0.0,0.0
"[(216.82417660416024, 34.42227898623992), (206.51625509376026, 21.279679060479793), (223.460642977999, 11.126358699955404), (231.94246148608022, 27.378532620799888)]",0.0,0.0,0.0,0.0
"[(233.2487355238403, 26.37189966079984), (225.34518024816282, 11.313395021093925), (244.1223999448439, 4.158764822520197), (248.0663726950403, 20.57369381119986)]",0.0,0.0,0.0,0.0
"[(249.35486288384027, 19.499951987199893), (245.5805475035495, 4.541727434376185), (264.49462260224027, 0.8168442495998534), (267.7158480742403, 15.09761050879979)]",0.0,0.0,0.0,0.0
"[(269.5412091750403, 15.204984691199797), (266.1052353382403, 0.06522497279979689), (286.61370417664034, -1.867510310400121), (287.04320090624026, 13.486997772799896)]",0.0,0.0,0.0,0.0
"[(74.47263937987344, 88.16932140374979), (61.41593880003364, 96.24385992022962), (54.25547512888403, 87.05764195084271), (64.60277012412695, 75.39846933535955)]",0.0,0.0,0.0,0.0
"[(63.24376038728087, 73.25967494183351), (52.773717089216404, 86.78024863855035), (40.77290617965849, 77.05539638912694), (45.903544488247974, 63.4336028833261)]",0.0,0.0,0.0,0.0
"[(44.801987227758616, 61.56766516949551), (37.21895280577155, 77.71157555181799), (23.111719664034297, 72.66350904663011), (25.141050858861206, 56.19170233600039)]",0.0,0.0,0.0,0.0
"[(23.328139453767108, 56.70318778376645), (21.58857344676693, 71.96051429192312), (3.1933662388496487, 71.07507539444543), (3.836070489465669, 54.37520351508101)]",0.0,0.0,0.0,0.0
"[(94.65898567107308, 78.72039335254999), (76.44832433603341, 87.56802598230979), (69.49047731651353, 77.4319031637499), (83.19487262655338, 65.16154787262963)]",0.0,0.0,0.0,0.0
"[(82.03178182083332, 63.85980650839019), (68.03018843587353, 76.40111101270998), (58.95987055439872, 65.00517883814973), (68.63148385731353, 49.68641443159049)]",0.0,0.0,0.0,0.0
"[(66.27614098883356, 49.041188918630496), (55.670280671208445, 65.06792467363209), (42.18617247041516, 58.05460646097936), (48.34465252803386, 39.27013832023067)]",0.0,0.0,0.0,0.0
"[(46.41191724483389, 39.27013832023067), (39.60919087709482, 56.81460182140995), (22.8423379235536, 52.95923013801689), (26.356617582527008, 35.52174531418643)]",0.0,0.0,0.0,0.0
"[(24.829706582434255, 34.43830011223076), (21.28635856323433, 52.69191112023054), (4.006627408933866, 50.305499923751086), (6.253973027234565, 32.72031319383086)]",0.0,0.0,0.0,0.0
"[(59.36643409347363, 96.99682137430966), (43.303256406433945, 108.76503176534948), (34.815505545634096, 100.79554483542961), (47.205364595562685, 85.72884895154391)]",0.0,0.0,0.0,0.0
"[(45.45074005443388, 83.51062406486994), (34.54152312259407, 98.45711025494961), (20.883527121314273, 93.8185455752697), (24.319500958114247, 75.17838751063005)]",0.0,0.0,0.0,0.0
"[(22.03797784003433, 74.16674760023011), (19.467230893548845, 93.0972605690281), (2.81962025988571, 90.7365229737095), (3.999115196834623, 72.66350904663011)]",0.0,0.0,0.0,0.0
"[(115.53252672963276, 72.79333848407009), (97.06416735683308, 78.97809139030994), (88.0447360352332, 66.52268623191014), (102.56172549571295, 54.23907976535031)]",0.0,0.0,0.0,0.0
"[(101.960430074273, 52.435193501030426), (86.15495042499327, 65.66369277271019), (74.75466255896362, 53.74646158323117), (85.81135304131323, 38.86309684567061)]",0.0,0.0,0.0,0.0
"[(83.99602937316519, 38.48347237424309), (73.81118606225857, 51.23777978557109), (60.84553018665213, 42.99667563818548), (67.66503326781094, 29.530583599840497)]",0.0,0.0,0.0,0.0
"[(64.50263906814627, 28.481053974250926), (58.867322403233686, 42.491363792230686), (43.791640786966184, 35.43385776752939), (47.674697565428005, 20.895634627230947)]",0.0,0.0,0.0,0.0
"[(46.20095513857035, 18.74644989440867), (41.794827401633995, 36.693157942630705), (25.259203312034288, 32.93506155863088), (26.72485316488377, 16.33753931611068)]",0.0,0.0,0.0,0.0
"[(24.738141776838688, 15.242230408137857), (23.56074713360664, 32.073909211514206), (4.6925063687820625, 31.344062867913863), (6.693313379777976, 15.75579866757198)]",0.0,0.0,0.0,0.0
"[(41.524871510434025, 109.57839119702953), (29.491234803478676, 120.7010410920941), (20.532084929536722, 113.9162299899292), (28.27087087043418, 97.76991548758963)]",0.0,0.0,0.0,0.0
"[(26.706100417536675, 97.27323171792932), (18.787254465536705, 112.43983498192915), (2.010038465536809, 107.0711258619292), (2.6811271055368024, 92.84404669392927)]",0.0,0.0,0.0,0.0
"[(135.94687165255743, 56.17900512225265), (113.66672880455747, 66.91642336225277), (105.3870066922168, 55.64399062988173), (122.52509885255745, 42.220361410252735)]",0.0,0.0,0.0,0.0
"[(121.85401021255745, 40.475530946252775), (105.86709973363378, 53.07044042422149), (94.24517168775327, 42.264228405746394), (106.5531892205575, 27.456411330252877)]",0.0,0.0,0.0,0.0
"[(104.90828804935751, 26.74788852705285), (92.02338616135756, 40.92128060385289), (76.74913679103878, 31.989034721588723), (86.64349992703876, 14.05409015429268)]",0.0,0.0,0.0,0.0
"[(85.44090908415876, 12.507901927732632), (74.84351697735758, 31.042855823052832), (60.67012490055765, 24.063533967052877), (70.2367248563188, 6.323149021492554)]",0.0,0.0,0.0,0.0
"[(68.34693924607882, 5.206457524532652), (59.50275945923369, 22.911346087270886), (44.212675885473914, 16.468895143271084), (48.45899600711766, 1.2585998025729168)]",0.0,0.0,0.0,0.0
"[(46.875555608993864, 0.6634154939913515), (42.23699092931395, 16.03939841367105), (24.799423707554297, 13.204719998311134), (27.404975725159204, -0.684302305750748)]",0.0,0.0,0.0,0.0
"[(25.257492077159213, -1.2211732177507884), (23.646879341159263, 12.60325276624917), (6.064356973159306, 13.408559134249117), (7.13809879715933, -2.2949150417507553)]",0.0,0.0,0.0,0.0
"[(145.2078948845574, 70.94295520225273), (137.6917021165574, 57.521182402252634), (115.6799947245575, 68.12438291425269), (117.29060746055745, 73.49309203425264)]",0.0,0.0,0.0,0.0
"[(288.98137095884806, 13.733466345410875), (304.09965584076804, 13.623515182633241), (305.36409421271037, -2.3194034201187606), (287.9368349124609, -2.4293545828962806)]",0.0,0.0,0.0,0.0
"[(292.34110912614403, 32.5138550922652), (302.39133259878395, 32.771553130025154), (304.79651428454395, 15.677583291945211), (290.021826786304, 15.41988525418526)]",0.0,0.0,0.0,0.0
"[(294.3329002096641, 51.5767990001051), (302.0638413424641, 51.5767990001051), (304.21132499046416, 34.91232589162519), (293.47390675046415, 34.56872850794525)]",0.0,0.0,0.0,0.0
"[(285.66911404953487, 133.369182565929), (299.16132862873394, 124.69078420432902), (288.28039965593416, 114.78809799632904), (278.28713900953494, 125.45033661392904)]",0.0,0.0,0.0,0.0
"[(245.39492446863926, 249.2748685366754), (228.00889685443155, 239.9290197005795), (235.0870029582394, 229.4836592367077), (249.6555320262712, 243.57115196758753)]",0.0,0.0,0.0,0.0
"[(250.5488852238392, 241.71572609571547), (236.22150631716465, 228.39809795586143), (252.08842447813163, 215.797546709299), (260.3081917710391, 232.1563368543716)]",0.0,0.0,0.0,0.0
"[(261.2983928652849, 230.3756614619889), (253.29880514396723, 214.70158976342793), (273.09001444393493, 207.21116679920397), (277.7449203740822, 223.4185696075092)]",0.0,0.0,0.0,0.0
"[(279.4122063036468, 222.74176854153973), (274.739281885599, 206.79884993878795), (295.12695476879867, 204.44628160240404), (295.60988729166115, 221.22644192928715)]",0.0,0.0,0.0,0.0
"[(261.19042167439886, 260.8559794148831), (246.7593315598391, 249.94676248304324), (257.38613912410733, 237.64781139491163), (267.89057065615873, 252.18014547696316)]",0.0,0.0,0.0,0.0
"[(268.7495641153587, 250.7198565963232), (259.1167926904385, 237.22914171035427), (277.6830960910386, 225.37954954992358), (281.46860065880276, 244.41689837973934)]",0.0,0.0,0.0,0.0
"[(283.0607600965087, 243.76435869749525), (279.37423946383853, 224.57961189104356), (299.30288771727817, 222.26032955120354), (299.5577682197603, 241.34933850915615)]",0.0,0.0,0.0,0.0
"[(226.6345073197116, 239.5167028401636), (208.28640703119981, 232.0949993526757), (213.02805092598373, 223.57378423741181), (229.10840848220755, 235.46225371273965)]",0.0,0.0,0.0,0.0
"[(229.8643227263035, 233.46938888739567), (213.71524569334372, 222.47427260963582), (227.52786051727958, 207.42470720445203), (239.8973663297594, 222.0619557492198)]",0.0,0.0,0.0,0.0
"[(241.5368489020525, 220.80161745350028), (228.97363710607954, 206.11511127792392), (247.27019778703925, 194.17510219504425), (254.0260404971707, 212.32624609805066)]",0.0,0.0,0.0,0.0
"[(255.60243434127915, 211.0113739953639), (248.98818470543915, 193.91740415728418), (267.1988460404789, 187.38905386736428), (272.73461659710995, 205.59020532912587)]",0.0,0.0,0.0,0.0
"[(274.60184293212694, 205.56189935754003), (269.5284272516991, 188.15329730056953), (286.9535887795205, 185.01034258843765), (289.2728711193604, 202.7915071938769)]",0.0,0.0,0.0,0.0
"[(273.1398259982386, 274.9474986776029), (262.23060906639876, 261.7189994059231), (275.4591083380785, 248.91999686384327), (286.04794266211695, 262.4912141077946)]",0.0,0.0,0.0,0.0
"[(207.08247401103984, 232.04023851965167), (182.92328297104018, 225.70516175805176), (188.5067404558401, 216.36360788925185), (208.37151533037667, 227.6944643563295)]",0.0,0.0,0.0,0.0
"[(209.44470602383979, 226.3494068524518), (189.58048227984006, 214.86036933565197), (204.72024199823983, 199.7206096172522), (219.12447845383952, 213.26760461233482)]",0.0,0.0,0.0,0.0
"[(220.07475008143967, 212.3907631404519), (205.68660963983984, 198.5394936108521), (222.54435627663963, 185.8693400876523), (233.61762163755043, 200.1402339272929)]",0.0,0.0,0.0,0.0
"[(234.3707067654675, 198.9324281150732), (224.26234319503953, 185.11772081085235), (242.62332838543932, 175.56141857725243), (248.85103096463922, 191.9896684844523)]",0.0,0.0,0.0,0.0
"[(250.2309927569588, 190.9652042076516), (244.12656693903932, 174.9171734828525), (262.487552129439, 168.15259999165255), (265.8294196861077, 185.82745039115105)]",0.0,0.0,0.0,0.0
"[(268.07842307922635, 185.65652775631406), (264.1137996742699, 167.43863932246825), (283.4289000998368, 166.22194638339806), (284.69202920622126, 183.23416535090826)]",0.0,0.0,0.0,0.0
"[(286.34161245144, 182.30384342176205), (285.23770868367865, 165.74241869552463), (296.7555511238693, 165.72065240406823), (296.9702994886693, 181.82677976406796)]",0.0,0.0,0.0,0.0
"[(186.50563965584024, 215.38016353213152), (167.86548159120042, 205.67353744317165), (183.92865927824027, 189.18086302653182), (198.3597493928001, 202.4952616441317)]",0.0,0.0,0.0,0.0
"[(200.0613665802224, 201.70408904042426), (185.13635522662258, 188.06756787562438), (201.10601000079197, 176.9064382269721), (211.12090736742226, 191.28879334762428)]",0.0,0.0,0.0,0.0
"[(212.45118313103978, 190.37905574845217), (202.33098836070246, 176.13883308189656), (219.51085754470228, 166.31194790864856), (227.8334010181925, 180.16505914440063)]",0.0,0.0,0.0,0.0
"[(229.71898817433419, 179.70318617552857), (221.33297821508552, 166.16408590352034), (237.90626958233406, 158.63100287952875), (244.34872052633398, 172.99229977552864)]",0.0,0.0,0.0,0.0
"[(246.09355099033394, 171.91855795152856), (239.7404779394692, 158.00859838086558), (257.1685079810319, 152.7327730442214), (261.5285897103338, 166.68406655952867)]",0.0,0.0,0.0,0.0
"[(262.87779045954846, 166.30005160902147), (260.1864124303338, 151.78589875152886), (279.3795475343336, 150.30950374352892), (280.3320255422002, 164.7442733793223)]",0.0,0.0,0.0,0.0
"[(282.46655527833354, 163.9997119995287), (281.6612489103336, 150.30950374352892), (299.5122067343334, 150.30950374352892), (299.5122067343334, 163.7312765435288)]",0.0,0.0,0.0,0.0
"[(283.49423252111876, 134.73340611517256), (289.9366834651187, 142.51803433917235), (292.35260256911863, 148.28939664317227), (266.4485810651189, 149.63157392317225), (264.70375060111894, 146.2761307231724)]",0.0,0.0,0.0,0.0
"[(22.080356972961965, 129.27194323901267), (12.631428921762051, 140.00936147901257), (8.765958355362102, 148.42749737917234), (41.751307188641704, 149.97368560573238), (43.64109279888169, 146.02231569341245)]",0.0,0.0,0.0,0.0
"[(167.38623877776013, 207.34853864381193), (160.17069372048024, 217.31286277053175), (157.70891590533745, 223.94642468264692), (180.12327648133697, 225.15438423464684), (185.51100076687987, 216.79746669501185)]",0.0,0.0,0.0,0.0
"[(287.95117171343816, 262.01166116182696), (276.47501909852633, 248.13032686115514), (300.0288591921246, 242.85220382530224), (299.47990868460454, 255.56128048962205), (294.44674388460464, 258.58117936962196)]",0.0,0.0,0.0,0.0
"[(75.60395991673221, 239.8103889015963), (60.34823608134053, 248.12544558665218), (55.72674167276375, 242.63443891706515), (67.90653743760191, 230.43157448022703)]",0.0,0.0,0.0,0.0
"[(67.02692813538113, 229.66191634078382), (54.547471160123735, 241.5366419207644), (44.53348885494029, 231.20385381172332), (52.8982037184598, 216.9075814585825)]",0.0,0.0,0.0,0.0
"[(51.06857281618767, 216.57975465794243), (43.23455246828382, 230.25493052840625), (29.00962078393212, 225.30712820341432), (33.40766729503605, 208.67701483330256)]",0.0,0.0,0.0,0.0
"[(31.940381625055466, 208.20670960470557), (27.42907281900409, 224.9978905581023), (11.022297748284416, 221.99141345090243), (12.253499897661243, 204.78777390024425)]",0.0,0.0,0.0,0.0
"[(96.93150478828267, 230.6707328554469), (77.25322735839615, 238.98575518076427), (74.05693060547378, 235.56406039894694), (90.69992887747344, 223.21602942294714)]",0.0,0.0,0.0,0.0
"[(89.62618705347347, 222.03491341654717), (73.30531132867378, 233.7386992981469), (63.10476400067398, 223.75290033494719), (75.23804661187376, 208.07626970454749)]",0.0,0.0,0.0,0.0
"[(73.73042693131913, 207.5049633083413), (62.031022176674014, 222.4644101461472), (50.2578913953804, 213.32877715617815), (56.6365460838212, 197.3036611620132)]",0.0,0.0,0.0,0.0
"[(55.21321625682765, 196.1571851654628), (48.66339113042778, 212.80018343746247), (32.502502937403904, 206.4812128032229), (37.57056434668385, 188.6141488518632)]",0.0,0.0,0.0,0.0
"[(35.85257742828384, 188.0987527763432), (30.923453752417288, 206.25516807540998), (14.878844667242106, 202.77317648414362), (16.353425904444236, 184.06148351810327)]",0.0,0.0,0.0,0.0
"[(58.698968639676536, 248.53776244706808), (44.74891486226886, 257.471294422748), (39.79857863148385, 253.68827209538176), (49.58279095583589, 238.27848308546197)]",0.0,0.0,0.0,0.0
"[(46.92822434284369, 237.71099375426206), (37.99469236716391, 253.08697667394176), (24.08632851408953, 245.41964984624053), (30.478776423228283, 227.62696419138217)]",0.0,0.0,0.0,0.0
"[(27.600871510844115, 227.23127355202223), (22.328739122925583, 245.35443027790757), (1.5601198907487515, 240.69324875586187), (1.4742205448287677, 222.2248893830623)]",0.0,0.0,0.0,0.0
"[(118.41440056771268, 225.50331209046692), (99.07898843628254, 230.6924224402917), (96.10091293865167, 226.69942031305516), (114.38786872771271, 216.91337749846707)]",0.0,0.0,0.0,0.0
"[(112.64303826371275, 215.1685470344671), (94.6916059647105, 225.60749853624657), (85.59006067342187, 213.13135394969254), (98.68439455171301, 199.3308551304674)]",0.0,0.0,0.0,0.0
"[(97.69734899139303, 198.08009270614752), (83.74015477408716, 212.08143266969182), (69.99103137087747, 201.0774978743923), (81.2905739206733, 185.62468754774773)]",0.0,0.0,0.0,0.0
"[(79.83028504003335, 184.33619735894763), (68.06207464899353, 201.34426785110736), (53.28738715075383, 193.09793064278756), (60.340858758867284, 176.58165226593428)]",0.0,0.0,0.0,0.0
"[(58.7849452896337, 176.60525622614784), (51.6396291298185, 192.54199778321322), (36.75069369244193, 186.3834223738471), (41.898566420808265, 170.43500938362422)]",0.0,0.0,0.0,0.0
"[(39.543563172907, 170.18067762383066), (35.11127029483731, 186.35047615327153), (18.842812892062852, 182.50009393646133), (20.415021636433153, 165.98320752168627)]",0.0,0.0,0.0,0.0
"[(18.93705844818851, 165.42711359298346), (17.192292180721495, 182.59697803922302), (-1.3136621068590557, 182.0030858899878), (-1.267836997255813, 165.09458812363914)]",0.0,0.0,0.0,0.0
"[(43.364915630907944, 258.4864929568216), (30.050517013308195, 271.1136968070614), (20.851369905425315, 264.6095998989547), (25.669650371388286, 247.83497406274182)]",0.0,0.0,0.0,0.0
"[(23.951663452988328, 247.4913766790619), (19.31309877330841, 263.72635305794154), (1.828718924604516, 255.72905264962196), (1.4460348219487855, 242.5951139616219)]",0.0,0.0,0.0,0.0
"[(142.00544172933775, 223.94642468264692), (121.14350835139254, 225.58298289494712), (119.29801459139259, 220.88536241494717), (141.27616755139218, 215.18110897494728)]",0.0,0.0,0.0,0.0
"[(140.36348700099217, 213.67787042134728), (119.13024243139256, 219.37541297494727), (112.75490035139268, 210.81903281494738), (127.68662259139239, 199.5782980949475)]",0.0,0.0,0.0,0.0
"[(118.45915379139257, 190.1629244757478), (104.07101334979285, 201.86671035734753), (92.47460165059306, 191.77353721174768), (103.96363916739284, 177.60014513494798)]",0.0,0.0,0.0,0.0
"[(101.95876185539288, 176.57170179414788), (91.11396943299309, 190.42297132374767), (77.15532572099335, 181.08141745494777), (86.17475704259317, 166.26378028374802)]",0.0,0.0,0.0,0.0
"[(84.2420217593932, 165.8342835541481), (75.43733880259339, 180.43717236054783), (60.40495326659362, 174.42421814614795), (64.27042383299357, 157.67384569174828)]",0.0,0.0,0.0,0.0
"[(62.908113893793654, 157.19200404822823), (57.66825379267374, 174.4577725781478), (40.14478722499405, 168.44481836374803), (44.43975452099397, 150.92135179606828)]",0.0,0.0,0.0,0.0
"[(42.371629095164906, 151.63047383566504), (38.711803263394074, 168.24563086678813), (22.22788398132957, 163.49260378628833), (24.71020987843434, 150.46446626134843)]",0.0,0.0,0.0,0.0
"[(22.992222960034383, 150.37856691542834), (20.415242582434416, 164.12246226262823), (1.5173864800347587, 163.26346880342817), (1.0878897504347833, 150.37856691542834)]",0.0,0.0,0.0,0.0
"[(28.504492364604005, 271.7412276000217), (18.08919667180419, 282.4786458400215), (9.259448170251233, 277.95024482715405), (16.732691265290953, 263.94865144219455)]",0.0,0.0,0.0,0.0
"[(105.35950353859283, 203.1552005461475), (119.64026979779254, 191.34404048214765), (126.94171420099241, 198.2159881557476), (111.80195448259269, 209.2755289429474)]",0.0,0.0,0.0,0.0
"[(13.132200432444336, 202.572792563863), (14.291841602364286, 184.14738286402326), (0.5663635481716369, 183.76913400219757), (1.4253570073715878, 202.2374933749968)]",0.0,0.0,0.0,0.0
"[(10.64111940076441, 204.9779742496229), (-3.704071367875315, 204.2907794822629), (-2.67327921683534, 220.69755455298252), (9.266729866044443, 221.12705128258256)]",0.0,0.0,0.0,0.0
"[(204.18271775148912, 298.1443779632971), (190.86190181088, 298.82823154496043), (175.0475408727998, 298.53970186599986), (181.8597833140035, 283.47645684235647)]",0.0,0.0,0.0,0.0
"[(180.03442221320353, 282.4027150183565), (173.33843524320002, 298.3987348153604), (157.96245232352004, 298.5705335072005), (158.344837368404, 277.7856251751566)]",0.0,0.0,0.0,0.0
"[(156.30472790280407, 277.6782509927566), (156.33036475104007, 298.22693612352043), (139.4081936048001, 298.4846341612804), (135.31909338479994, 281.0913972259999)]",0.0,0.0,0.0,0.0
"[(133.3058274647999, 281.35983268199993), (137.69020668640007, 298.4846341612804), (117.93335712480007, 298.74233219904045), (113.05582895163673, 288.2301825414289)]",0.0,0.0,0.0,0.0
"[(111.29787963053968, 288.2277741063175), (115.90607965944935, 298.68313730950774), (105.59815814904948, 298.79051149190775), (95.93448173304961, 298.57576312710773)]",0.0,0.0,0.0,0.0
"[(233.24876212652725, 298.443620582177), (215.55349686700856, 297.49872777705707), (206.7452590585861, 297.57503481525987), (221.0513598900027, 285.0870695783565)]",0.0,0.0,0.0,0.0
"[(219.22599878920266, 283.26170847755657), (204.6122144810891, 296.4263910448972), (192.04943514028992, 287.8364564528978), (203.54936815880302, 270.59155495435687)]",0.0,0.0,0.0,0.0
"[(201.83138124040306, 269.9473098599568), (191.63083391240326, 286.05343721995644), (177.09930268986858, 279.3722449202562), (181.00078985480354, 262.64586545675695)]",0.0,0.0,0.0,0.0
"[(179.39017711880354, 262.53849127435694), (175.73945491720366, 278.8593669991566), (158.66695991560402, 275.9602640743567), (159.63332755720398, 259.8541367143571)]",0.0,0.0,0.0,0.0
"[(158.23746318600405, 259.8541367143571), (156.51947626760403, 276.38976080395673), (140.67986943256807, 278.6464595015774), (136.7895990878443, 261.1759583474019)]",0.0,0.0,0.0,0.0
"[(135.3579877013325, 261.36746058354163), (138.58798780680445, 278.0003735399566), (122.57616502843672, 282.60177889496515), (116.80372898261282, 265.3531902342295)]",0.0,0.0,0.0,0.0
"[(115.27579436706088, 265.98562416856555), (120.99561706350875, 283.6325710460052), (104.19368443118242, 289.2856304804192), (96.51537721813327, 274.5755587605653)]",0.0,0.0,0.0,0.0
"[(95.3471461136213, 275.53763143486935), (103.53964353860749, 290.7518638537281), (94.63340652205972, 296.9895073901574), (80.03051771565976, 284.27640419399745)]",0.0,0.0,0.0,0.0
"[(254.8754856372018, 287.1804467047566), (235.7616228788023, 298.1867198311562), (224.91683045640252, 286.6976823143565), (240.2793077172022, 273.4231295847569)]",0.0,0.0,0.0,0.0
"[(238.09826963720218, 272.5842687847569), (224.2725853620026, 285.5165663079565), (211.49505765640282, 274.3496513383567), (222.49545875720253, 260.5046732647571)]",0.0,0.0,0.0,0.0
"[(221.0513598900027, 259.31726580235704), (210.42131583240285, 272.8464127847568), (196.1405495732032, 264.7933491047569), (202.04612960520308, 251.04945375755722)]",0.0,0.0,0.0,0.0
"[(200.04699540919506, 251.75929192962406), (193.403879994698, 264.4332342153574), (178.6383362863163, 260.8910766772832), (182.15072653117494, 244.93784204484496)]",0.0,0.0,0.0,0.0
"[(180.25749420933698, 243.4079952426465), (176.9472014920796, 260.76336314559444), (160.25905273733736, 258.44038077864616), (160.52748819333738, 241.66316477864655)]",0.0,0.0,0.0,0.0
"[(158.95542540342046, 241.72117549042457), (158.78265772933742, 258.17194532264614), (140.93169990533778, 258.7088162346462), (139.70014219369995, 242.17377944206612)]",0.0,0.0,0.0,0.0
"[(137.30782124933785, 242.33425341864654), (139.45530489733784, 259.11146941864615), (123.75183072133814, 262.06425943464615), (118.76094450565813, 245.7870044714465)]",0.0,0.0,0.0,0.0
"[(116.30254140563949, 246.96223975301393), (120.96371925720757, 261.971248519793), (105.26466573460215, 268.3933274750175), (98.83183890008797, 253.9738545337343)]",0.0,0.0,0.0,0.0
"[(96.10306035771725, 253.20380149566972), (103.31860541499714, 268.9405616682135), (88.85864104333729, 277.4390675790547), (78.44215483656563, 261.9311750411416)]",0.0,0.0,0.0,0.0
"[(76.80770503207287, 262.564038472207), (87.17634664261988, 277.8138030404755), (72.86537124783587, 287.5799833893791), (60.534932940988426, 274.878568703298)]",0.0,0.0,0.0,0.0
"[(59.5511169947485, 276.16453559881154), (71.9330242971622, 288.7836141821774), (62.48409624596286, 298.33991641577677), (39.27887135762887, 297.60501234044307)]",0.0,0.0,0.0,0.0
"[(270.47829651720144, 274.42976254475684), (256.72097939720175, 284.83163646475657), (245.480244677202, 274.0942182247569), (259.4053339572017, 262.18239486475716)]",0.0,0.0,0.0,0.0
"[(257.55984019720177, 261.1757619047571), (243.466978757202, 273.5909017447568), (230.54852243720234, 262.6857113447571), (241.1181685172021, 249.26393854475737)]",0.0,0.0,0.0,0.0
"[(239.58172998533576, 247.83718026664644), (228.7100940173359, 261.5273885226461), (214.59390625613105, 253.75036539843234), (222.9387317133361, 239.64989885864657)]",0.0,0.0,0.0,0.0
"[(221.3281189773361, 239.11302794664664), (212.46974892933633, 253.87697802664627), (197.1689279373366, 246.89765617064643), (203.61137888133646, 232.67057700264672)]",0.0,0.0,0.0,0.0
"[(201.8665484173365, 232.4021415466467), (195.77507683205653, 246.6030482576864), (180.31319456645684, 241.70678554024653), (182.53919558533693, 227.3018678826469)]",0.0,0.0,0.0,0.0
"[(180.74269129605682, 226.58850065832678), (178.78109920133699, 241.39472932264653), (160.52748819333738, 239.64989885864657), (162.40653638533735, 225.42281969064686)]",0.0,0.0,0.0,0.0
"[(160.39327046533737, 225.55703741864693), (158.91687545733743, 240.05255204264654), (143.21340128133772, 239.9183343146466), (141.8712240013378, 225.82547287464683)]",0.0,0.0,0.0,0.0
"[(140.12639353733778, 225.69125514664688), (141.60278854533777, 239.78411658664663), (124.90811644805797, 242.22218161576643), (120.7990407053382, 226.8992146986468)]",0.0,0.0,0.0,0.0
"[(118.89838345913012, 227.0953067992549), (123.50258840044205, 242.90078644853452), (105.49808549561038, 248.32962511067842), (100.20668578693852, 231.90567017077478)]",0.0,0.0,0.0,0.0
"[(98.69415936656094, 231.7919340680677), (103.6114902826389, 247.9082213852363), (88.70712927492912, 254.53679364667016), (80.10521623124833, 239.81568381149384)]",0.0,0.0,0.0,0.0
"[(78.21530003270016, 240.36014471548424), (87.10080890530145, 254.5781910303897), (71.78003984118334, 263.80568152041906), (60.96671137196449, 249.1562377376921)]",0.0,0.0,0.0,0.0
"[(59.72976079071651, 250.11831041199605), (70.62533044656334, 264.371418649072), (57.49418170277994, 275.23378634298285), (44.13043957164484, 259.8077566317719)]",0.0,0.0,0.0,0.0
"[(42.854834284732874, 260.9751824299158), (55.73973617273259, 275.7498699281555), (43.88562643577285, 287.77577835695524), (26.104461830333207, 276.6947627332754)]",0.0,0.0,0.0,0.0
"[(42.38842767993282, 289.47463924911517), (25.5306810431332, 278.09297591471545), (15.544882079933359, 287.9714006955152), (12.877223977166295, 298.23254223337676), (35.64055064596471, 298.4472905981768)]",0.0,0.0,0.0,0.0
"[(283.11017701640117, 283.7712115559567), (274.11758924040134, 276.52345424395685), (285.3344042329602, 265.78126370817824), (292.4812298135039, 277.46357475329773)]",0.0,0.0,0.0,0.0
"[(257.01531468040184, 286.2185879399566), (265.1156075235169, 298.7083650506577), (288.5661289596753, 298.7083650506577), (284.3621767604012, 286.72190441995656), (271.1081761204015, 277.32666345995676)]",0.0,0.0,0.0,0.0
"[(139.47935113480452, 57.58994000396149), (149.81411619080427, 49.93952950796165), (163.23588899080397, 57.58994000396149), (156.7934380468041, 64.30082640396131), (156.92765577480412, 71.68280144396113), (147.26397935880436, 71.01171280396113), (144.31118934280443, 64.56926185996122)]",0.0,0.0,0.0,0.0
"[(164.98071945480393, 56.381980451961454), (170.6178640308038, 47.25517494796168), (161.89371171080398, 37.72571625996193), (153.70643030280416, 49.53687632396168)]",0.0,0.0,0.0,0.0
"[(151.96159983880426, 48.865787683961685), (159.47779260680403, 36.51775670796201), (150.75364028680428, 31.6859184999621), (139.74778659080454, 39.87319990796186), (148.20350345480432, 48.19469904396169)]",0.0,0.0,0.0,0.0
"[(146.86132617480433, 49.53687632396168), (137.4660852148046, 40.812724003961875), (129.81567471880476, 47.389392675961744), (138.1371738548046, 55.710891811961574)]",0.0,0.0,0.0,0.0
"[(171.89293244680374, 46.28209641996159), (185.5831407028034, 33.397194531961986), (172.9666742708037, 19.841204003962275), (162.63190921480395, 35.947331363961894)]",0.0,0.0,0.0,0.0
"[(161.558167390804, 34.06828317196198), (170.5507551668038, 19.170115363962395), (149.8812250548043, 10.98283395596252), (150.4180959668043, 29.23644496396207)]",0.0,0.0,0.0,0.0
"[(148.53904777480432, 30.981275427962032), (148.4048300468043, 11.25126941196254), (130.68808995080474, 21.049163555962195), (140.62020182280452, 35.276242723962014)]",0.0,0.0,0.0,0.0
"[(139.41224227080454, 36.75263773196184), (129.2116949428048, 22.25712310796223), (116.72944623880505, 33.397194531961986), (128.5406063028048, 45.61100777996171)]",0.0,0.0,0.0,0.0
"[(187.58621453679973, 32.336142442000664), (203.9607773527997, 20.39076465000062), (188.39152090479973, 6.432120938000708), (177.9225381207998, 20.524982378000686)]",0.0,0.0,0.0,0.0
"[(185.57294861679975, 6.432120938000708), (168.6615148887998, -2.1578136539992556), (162.236805778004, 13.643700413562328), (176.49743937800366, 19.851270333562297)]",0.0,0.0,0.0,0.0
"[(160.2752346548042, 13.072541066362419), (149.00094550280448, 9.099696317562575), (147.99198477679988, -3.902644117999216), (155.64239527279983, -3.768426389999263), (165.9771603287998, -2.0235959259991887)]",0.0,0.0,0.0,0.0
"[(147.6050811316045, 9.636567229562615), (145.57606567279987, -3.6342086619993097), (129.4699383127999, 0.12388772200074527), (136.4381661620048, 15.542147261562377)]",0.0,0.0,0.0,0.0
"[(135.44750511163681, 16.506702963834414), (127.45667239279993, 0.7949763620007388), (110.81367412079999, 9.384910954000702), (123.7651940665171, 23.6363486751942)]",0.0,0.0,0.0,0.0
"[(122.8203012613971, 25.268436247674117), (109.33727911279999, 10.861305962000642), (98.0681129343987, 19.37984960133258), (115.08936012859726, 32.05448457535408)]",0.0,0.0,0.0,0.0
"[(192.01539956079972, 6.968991850000748), (200.9313279698751, -4.592323877765011), (210.7023785682748, 3.9976107142348383), (200.0684632407997, 12.606136426000717)]",0.0,0.0,0.0,0.0
"[(201.5448582487997, 14.216749162000724), (213.38673312827473, 4.319733261434749), (220.25868080187456, 11.191680935034583), (205.9740432727997, 19.317022826000766)]",0.0,0.0,0.0,0.0
"[(256.2540240594735, 289.2380322950279), (238.428232059474, 299.0946466950277), (244.1185861551985, 298.8122495721293), (262.54548005947333, 298.67521629502767)]",0.0,0.0,0.0,0.0
"[(222.91987903547408, 9.936547751034823), (240.09974821947367, 3.8967499910349943), (230.43607180347385, -4.6931846009647415), (217.55116991547425, 4.836274087035008)]",0.0,0.0,0.0,0.0
"[(183.3633980114751, 72.05576285503321), (158.36534617147578, 71.8879906950333), (159.03643481147571, 64.50601565503348), (170.61271385147546, 51.923103655033856), (188.396562811475, 62.660521895033526)]",0.0,0.0,0.0,0.0
"[(170.78048601147543, 89.16852317503276), (172.96152409147538, 73.90125661503316), (154.33881433147587, 73.56571229503322), (154.00327001147588, 88.32966237503285)]",0.0,0.0,0.0,0.0
"[(159.66083109947567, 147.18320016703137), (175.23008754747525, 151.6123851910313), (181.4041030354751, 133.2245564550317), (161.8083147474756, 128.6611537030319)]",0.0,0.0,0.0,0.0
"[(257.9685975844651, 84.9327956225211), (243.19391008622551, 96.88998457458479), (256.9378054334252, 107.61022294540044), (267.45188537403294, 102.11266480652057)]",0.0,0.0,0.0,0.0
"[(1.2808122779670725, 298.33991641577677), (0.5112861750514526, 275.499940902355), (16.239926175050925, 283.6788337023547), (13.723343775050978, 285.98570090235455), (11.588733788366369, 298.5546647805768)]",0.0,0.0,0.0,0.0
"[(299.1317485078347, 298.79426439657766), (290.2841158780752, 298.6224657047377), (285.09618883104156, 284.5551810943547), (298.786397087041, 276.23368195835496)]",0.0,0.0,0.0,0.0
"[(0.7090647798517011, 148.21652145275925), (7.017297995851493, 148.21652145275925), (10.641176651851367, 138.4186273087596), (16.412538955851176, 132.51304727675983), (1.5143711478517048, 125.26528996476009)]",0.0,0.0,0.0,0.0
"[(299.26661750176083, 148.13534594171915), (294.37035478432097, 148.4789433253991), (291.1920789852811, 142.03649238139928), (285.60862150048126, 134.9927460159596), (299.69611423136075, 126.23101273212)]",0.0,0.0,0.0,0.0
"[(93.51671502509976, 298.5356956167175), (78.91382621869974, 285.0494983072774), (64.47384628985003, 298.89788567430776), (81.65371547384979, 298.89788567430776)]",0.0,0.0,0.0,0.0
"[(290.8190593459203, 202.877406539797), (299.66669197568, 202.53380915611694), (298.97949720832, 183.5500537077977), (288.4997770060804, 184.32314782107767)]",0.0,0.0,0.0,0.0
"[(7.970957981451306, 276.83355333019404), (1.7862050752115124, 273.82707622299415), (0.5836142323315698, 257.0767037685948), (14.32750957953101, 263.26145667483456)]",0.0,0.0,0.0,0.0
"[(293.7181803947518, 276.9138189394098), (300.52140859161557, 273.6840035328179), (298.80342167321567, 257.8098044068025), (286.70879376768016, 264.88791051061025)]",0.0,0.0,0.0,0.0
"[(17.515980800000023, 131.03663871999993), (27.8239023104, 121.58771066880001), (16.227490611199983, 113.53464698879998), (10.53665894400001, 127.60066488320001)]",0.0,0.0,0.0,0.0
"[(2.813402910720015, 123.56848908287998), (2.5557048729600638, 108.87970093055992), (14.581613301760058, 113.00286953472005), (8.826357125120012, 126.23136880640004)]",0.0,0.0,0.0,0.0
"[(104.99392097058217, 9.227969662525084), (98.74225227134446, -3.829084896927725), (83.84408446334453, 9.190034719072173), (95.78946225534446, 17.64575158307207)]",0.0,0.0,0.0,0.0
"[(288.8629128426211, 113.75422284205888), (300.78161888771274, 123.3859447013765), (300.91356028304585, 108.60850842406717)]",0.0,0.0,0.0,0.0
